{
    "root_group": {
        "checks": {},
        "name": "",
        "path": "",
        "id": "d41d8cd98f00b204e9800998ecf8427e",
        "groups": {}
    },
    "metrics": {
        "data_received": {
            "rate": 260811.54108845108,
            "count": 12178
        },
        "http_req_connecting": {
            "p(90)": 1.7556388,
            "p(95)": 1.9252370999999997,
            "avg": 0.6192559400000001,
            "min": 0.040884,
            "med": 0.15432849999999998,
            "max": 2.395831
        },
        "http_req_tls_handshaking": {
            "avg": 0,
            "min": 0,
            "med": 0,
            "max": 0,
            "p(90)": 0,
            "p(95)": 0
        },
        "http_req_receiving": {
            "max": 0.130808,
            "p(90)": 0.032678700000000005,
            "p(95)": 0.06175139999999998,
            "avg": 0.0267776,
            "min": 0.011738,
            "med": 0.0223075
        },
        "data_sent": {
            "rate": 74958.15353995556,
            "count": 3500
        },
        "iterations": {
            "count": 50,
            "rate": 1070.8307648565078
        },
        "http_reqs": {
            "count": 50,
            "rate": 1070.8307648565078
        },
        "http_req_failed": {
            "passes": 34,
            "fails": 16,
            "value": 0.68
        },
        "iteration_duration": {
            "avg": 37.98712703999999,
            "min": 24.905046,
            "med": 41.508973,
            "max": 46.426722,
            "p(90)": 45.514763,
            "p(95)": 46.0047504
        },
        "http_req_duration": {
            "avg": 36.2011868,
            "min": 22.982577,
            "med": 40.873952,
            "max": 41.969588,
            "p(90)": 41.4365929,
            "p(95)": 41.58949165
        },
        "http_req_duration{expected_response:true}": {
            "p(90)": 40.730954999999994,
            "p(95)": 41.08018025,
            "avg": 30.697677687499993,
            "min": 22.982577,
            "med": 25.983153,
            "max": 41.969588
        },
        "http_req_sending": {
            "min": 0.014229,
            "med": 0.177788,
            "max": 1.923,
            "p(90)": 1.2398021,
            "p(95)": 1.3551315,
            "avg": 0.3913902199999999
        },
        "http_req_blocked": {
            "avg": 0.7702187600000002,
            "min": 0.071514,
            "med": 0.46650349999999996,
            "max": 2.961477,
            "p(90)": 1.8006499000000002,
            "p(95)": 2.0183754499999993
        },
        "http_req_waiting": {
            "avg": 35.78301898000001,
            "min": 22.542445,
            "med": 40.582355500000006,
            "max": 41.808387,
            "p(90)": 41.2754883,
            "p(95)": 41.350627349999996
        }
    }
}